passo,relogio,p1_x,p1_y,p2_x,p2_y,placar_p1,placar_p2
0,59,30,4,109,87,0,0
1,59,30,4,109,87,0,0
2,59,30,4,108,87,0,0
3,59,30,4,107,86,0,0
4,59,30,4,107,87,0,0
5,59,30,4,106,87,0,0
6,59,30,3,107,87,0,0
7,59,30,3,108,87,0,0
8,59,30,4,108,86,0,0
9,59,30,4,108,85,0,0
10,59,30,5,109,84,0,0
11,59,30,5,109,84,0,0
12,59,30,5,109,84,0,0
13,59,30,5,109,84,0,0
14,59,30,5,109,84,0,0
15,59,30,5,109,84,0,0
16,59,30,5,109,84,0,0
17,59,31,4,109,84,0,0
18,59,30,3,108,83,0,0
19,59,30,3,107,84,0,0
20,59,31,3,107,84,0,0
21,59,32,3,108,85,0,0
22,59,31,3,108,85,0,0
23,59,31,4,107,84,0,0
24,59,31,3,107,85,0,0
25,59,31,3,108,84,0,0
26,59,30,4,109,85,0,0
27,59,31,5,109,86,0,0
28,59,30,5,109,85,0,0
29,59,30,5,109,85,0,0
30,59,31,6,109,84,0,0
31,59,31,5,109,85,0,0
32,59,31,4,109,84,0,0
33,59,31,3,109,84,0,0
34,59,30,4,109,83,0,0
35,59,31,4,109,84,0,0
36,59,31,3,109,83,0,0
37,59,31,4,109,82,0,0
38,59,31,3,109,81,0,0
39,59,30,3,109,81,0,0
40,59,30,3,108,82,0,0
41,59,30,3,107,81,0,0
42,59,30,4,106,82,0,0
43,59,31,4,107,83,0,0
44,59,31,5,108,84,0,0
45,59,32,5,108,85,0,0
46,59,33,4,107,86,0,0
47,59,33,5,106,85,0,0
48,59,32,6,106,86,0,0
49,59,31,6,106,86,0,0
50,59,32,6,107,86,0,0
51,59,33,7,107,86,0,0
52,59,34,8,108,87,0,0
53,59,33,7,109,86,0,0
54,59,33,8,108,87,0,0
55,59,34,7,109,87,0,0
56,59,34,7,109,86,0,0
57,59,34,7,108,86,0,0
58,59,34,7,108,86,0,0
59,58,34,7,107,85,0,0
60,58,34,7,106,84,0,0
61,58,34,7,105,83,0,0
62,58,34,7,105,83,0,0
63,58,34,7,105,83,0,0
64,58,34,7,105,83,0,0
65,58,34,8,105,83,0,0
66,58,33,9,105,83,0,0
67,58,34,8,105,83,0,0
68,58,33,7,105,83,0,0
69,58,34,8,106,84,0,0
70,58,35,9,107,83,0,0
71,58,36,9,106,82,0,0
72,58,37,10,106,83,0,0
73,58,36,9,107,83,0,0
74,58,36,8,108,84,0,0
75,58,35,9,107,85,0,0
76,58,35,10,106,85,0,0
77,58,34,10,106,84,0,0
78,58,34,10,105,83,0,0
79,58,35,11,106,82,0,0
80,58,36,12,107,82,0,0
81,58,35,11,106,83,0,0
82,58,36,10,105,83,0,0
83,58,35,10,106,84,0,0
84,58,35,11,107,84,0,0
85,58,34,10,108,83,0,0
86,58,33,9,108,83,0,0
87,58,33,10,109,84,0,0
88,58,33,10,109,84,0,0
89,58,34,11,109,85,0,0
90,58,34,12,109,86,0,0
91,58,34,13,109,85,0,0
92,58,35,14,108,86,0,0
93,58,34,15,109,87,0,0
94,58,35,14,109,86,0,0
95,58,34,14,109,86,0,0
96,58,35,14,108,86,0,0
97,58,36,14,108,86,0,0
98,58,37,13,109,86,0,0
99,58,38,12,108,86,0,0
100,58,37,13,109,87,0,0
101,58,38,12,109,87,0,0
102,58,37,12,109,87,0,0
103,58,36,13,109,87,0,0
104,58,35,14,108,86,0,0
105,58,35,14,107,85,0,0
106,58,35,14,108,86,0,0
107,58,35,14,107,85,0,0
108,58,35,14,107,84,0,0
109,58,35,14,107,84,0,0
110,58,35,14,107,84,0,0
111,58,35,14,107,84,0,0
112,58,36,14,107,84,0,0
113,58,36,15,107,84,0,0
114,58,35,15,107,84,0,0
115,58,34,15,107,84,0,0
116,58,34,15,108,84,0,0
117,58,34,15,107,85,0,0
118,58,35,14,107,86,0,0
119,57,36,14,106,85,0,0
120,57,36,13,105,86,0,0
121,57,36,14,104,87,0,0
122,57,37,14,104,87,0,0
123,57,37,14,105,86,0,0
124,57,37,14,104,85,0,0
125,57,37,14,104,84,0,0
126,57,38,15,103,85,0,0
127,57,38,15,102,84,0,0
128,57,37,16,102,84,0,0
129,57,38,15,101,83,0,0
130,57,38,15,100,83,0,0
131,57,39,15,100,83,0,0
132,57,40,16,100,84,0,0
133,57,40,15,99,84,0,0
134,57,39,16,98,83,0,0
135,57,39,17,98,82,0,0
136,57,39,18,97,83,0,0
137,57,39,19,96,82,0,0
138,57,39,19,95,83,0,0
139,57,38,18,96,82,0,0
140,57,39,17,96,83,0,0
141,57,39,16,97,84,0,0
142,57,39,15,96,84,0,0
143,57,38,15,96,84,0,0
144,57,37,16,97,83,0,0
145,57,37,16,96,82,0,0
146,57,38,15,95,82,0,0
147,57,38,16,95,83,0,0
148,57,39,16,94,84,0,0
149,57,39,15,95,84,0,0
150,57,38,14,94,85,0,0
151,57,38,13,93,86,0,0
152,57,38,13,94,85,0,0
153,57,38,13,95,86,0,0
154,57,38,13,95,86,0,0
155,57,38,13,95,85,0,0
156,57,38,13,95,85,0,0
157,57,38,13,95,85,0,0
158,57,39,13,95,85,0,0
159,57,40,12,95,85,0,0
160,57,40,11,95,85,0,0
161,57,39,10,95,85,0,0
162,57,39,9,95,85,0,0
163,57,38,9,95,85,0,0
164,57,38,8,95,84,0,0
165,57,39,7,94,85,0,0
166,57,39,6,94,84,0,0
167,57,39,6,95,83,0,0
168,57,39,6,96,84,0,0
169,57,38,5,96,83,0,0
170,57,38,5,97,84,0,0
171,57,37,4,96,83,0,0
172,57,36,5,96,83,0,0
173,57,36,6,96,82,0,0
174,57,36,5,96,82,0,0
175,57,36,4,96,81,0,0
176,57,36,4,97,81,0,0
177,57,35,3,97,81,0,0
178,57,34,3,98,82,0,0
179,56,34,3,99,83,0,0
180,56,35,3,98,82,0,0
181,56,36,4,98,81,0,0
182,56,36,5,98,80,0,0
183,56,37,4,99,79,0,0
184,56,36,5,98,80,0,0
185,56,35,4,98,81,0,0
186,56,34,3,98,82,0,0
187,56,33,4,97,83,0,0
188,56,33,5,96,84,0,0
189,56,33,4,97,85,0,0
190,56,34,3,97,86,0,0
191,56,34,4,97,86,0,0
192,56,35,5,97,87,0,0
193,56,35,4,96,87,0,0
194,56,35,5,95,86,0,0
195,56,34,6,95,85,0,0
196,56,35,6,94,84,0,0
197,56,34,5,93,85,0,0
198,56,34,5,94,86,0,0
199,56,34,5,95,86,0,0
200,56,34,5,96,87,0,0
201,56,34,5,95,87,0,0
202,56,34,5,95,87,0,0
203,56,34,5,96,86,0,0
204,56,34,5,96,86,0,0
205,56,34,5,96,86,0,0
206,56,34,6,96,86,0,0
207,56,34,6,96,86,0,0
208,56,34,6,96,86,0,0
209,56,34,7,96,86,0,0
210,56,35,7,95,86,0,0
211,56,36,8,95,85,0,0
212,56,35,9,96,86,0,0
213,56,36,9,96,87,0,0
214,56,36,9,97,86,0,0
215,56,37,9,98,86,0,0
216,56,38,9,97,87,0,0
217,56,37,8,96,87,0,0
218,56,37,9,97,87,0,0
219,56,36,9,97,87,0,0
220,56,35,8,96,87,0,0
221,56,36,7,95,87,0,0
222,56,35,7,94,87,0,0
223,56,34,6,93,87,0,0
224,56,34,7,92,87,0,0
225,56,35,8,92,87,0,0
226,56,34,7,92,87,0,0
227,56,33,7,91,87,0,0
228,56,32,6,92,87,0,0
229,56,32,5,91,86,0,0
230,56,31,5,90,85,0,0
231,56,30,4,90,86,0,0
232,56,31,4,90,87,0,0
233,56,30,3,91,87,0,0
234,56,30,3,90,86,0,0
235,56,30,3,89,86,0,0
236,56,31,3,90,87,0,0
237,56,32,3,90,86,0,0
238,56,33,4,90,86,0,0
239,55,32,5,89,87,0,0
240,55,31,6,89,86,0,0
241,55,32,7,90,85,0,0
242,55,32,8,89,86,0,0
243,55,31,9,89,87,0,0
244,55,30,8,88,87,0,0
245,55,31,9,87,86,0,0
246,55,31,9,86,87,0,0
247,55,31,9,86,87,0,0
248,55,31,9,87,86,0,0
249,55,31,9,86,86,0,0
250,55,31,9,86,86,0,0
251,55,31,9,86,86,0,0
252,55,31,9,86,86,0,0
253,55,32,8,86,86,0,0
254,55,31,8,86,86,0,0
255,55,32,7,86,86,0,0
256,55,31,8,87,85,0,0
257,55,32,7,86,85,0,0
258,55,33,8,86,84,0,0
259,55,34,7,87,83,0,0
260,55,35,8,88,84,0,0
261,55,35,8,87,85,0,0
262,55,35,8,86,84,0,0
263,55,36,7,85,84,0,0
264,55,35,6,86,84,0,0
265,55,34,6,87,83,0,0
266,55,34,7,86,84,0,0
267,55,33,8,85,85,0,0
268,55,32,8,86,85,0,0
269,55,33,9,86,86,0,0
270,55,32,10,85,87,0,0
271,55,31,11,86,87,0,0
272,55,32,10,86,86,0,0
273,55,32,9,86,86,0,0
274,55,32,8,87,85,0,0
275,55,32,8,87,84,0,0
276,55,32,8,86,85,0,0
277,55,32,7,86,85,0,0
278,55,33,7,87,85,0,0
279,55,33,7,86,85,0,0
280,55,32,8,85,86,0,0
281,55,32,8,86,85,0,0
282,55,31,9,87,85,0,0
283,55,31,9,88,84,0,0
284,55,30,8,87,84,0,0
285,55,31,7,87,84,0,0
286,55,30,6,87,85,0,0
287,55,31,5,87,84,0,0
288,55,31,6,86,85,0,0
289,55,31,6,87,85,0,0
290,55,31,7,88,86,0,0
291,55,32,8,89,85,0,0
292,55,32,8,90,85,0,0
293,55,31,9,90,84,0,0
294,55,31,9,90,83,0,0
295,55,31,9,91,83,0,0
296,55,31,9,91,83,0,0
297,55,31,9,91,83,0,0
298,55,31,9,91,83,0,0
299,54,31,9,91,83,0,0
300,54,30,10,91,83,0,0
301,54,30,9,91,83,0,0
302,54,30,9,92,84,0,0
303,54,30,10,91,85,0,0
304,54,30,9,90,85,0,0
305,54,31,9,89,84,0,0
306,54,30,8,89,83,0,0
307,54,30,8,90,83,0,0
308,54,30,9,90,83,0,0
309,54,30,10,91,83,0,0
310,54,31,9,90,83,0,0
311,54,32,10,90,82,0,0
312,54,31,11,91,82,0,0
313,54,31,10,90,83,0,0
314,54,30,9,90,84,0,0
315,54,30,10,91,85,0,0
316,54,30,11,92,84,0,0
317,54,30,11,93,85,0,0
318,54,30,10,92,85,0,0
319,54,30,9,93,85,0,0
320,54,31,10,94,84,0,0
321,54,32,10,94,85,0,0
322,54,33,11,95,86,0,0
323,54,33,11,95,87,0,0
324,54,33,10,96,87,0,0
325,54,32,10,95,86,0,0
326,54,31,9,94,85,0,0
327,54,30,9,93,86,0,0
328,54,30,8,92,86,0,0
329,54,30,9,92,86,0,0
330,54,31,10,93,87,0,0
331,54,30,9,94,86,0,0
332,54,30,9,93,85,0,0
333,54,30,9,93,84,0,0
334,54,31,9,94,85,0,0
335,54,30,9,94,86,0,0
336,54,30,8,93,85,0,0
337,54,30,9,92,86,0,0
338,54,30,10,92,86,0,0
339,54,31,10,91,87,0,0
340,54,31,11,92,87,0,0
341,54,30,10,91,86,0,0
342,54,30,11,91,87,0,0
343,54,30,10,91,87,0,0
344,54,31,10,91,87,0,0
345,54,30,9,91,87,0,0
346,54,30,9,91,87,0,0
347,54,30,9,91,87,0,0
348,54,30,9,91,87,0,0
349,54,30,9,91,87,0,0
350,54,30,9,91,86,0,0
351,54,30,9,91,85,0,0
352,54,30,9,91,86,0,0
353,54,30,9,91,86,0,0
354,54,30,8,91,85,0,0
355,54,31,8,91,86,0,0
356,54,31,7,92,85,0,0
357,54,30,8,91,86,0,0
358,54,30,9,91,85,0,0
359,53,30,9,92,85,0,0
360,53,30,8,91,85,0,0
361,53,30,7,91,86,0,0
362,53,31,7,90,87,0,0
363,53,32,6,91,87,0,0
364,53,32,6,91,86,0,0
365,53,32,5,90,85,0,0
366,53,33,4,90,86,0,0
367,53,33,5,89,87,0,0
368,53,33,6,90,87,0,0
369,53,32,7,91,86,0,0
370,53,31,7,92,86,0,0
371,53,30,6,91,87,0,0
372,53,31,7,90,87,0,0
373,53,30,6,90,87,0,0
374,53,30,6,91,86,0,0
375,53,30,6,91,86,0,0
376,53,30,7,90,87,0,0
377,53,31,6,89,87,0,0
378,53,30,6,90,87,0,0
379,53,30,5,90,87,0,0
380,53,31,4,91,86,0,0
381,53,32,5,92,87,0,0
382,53,33,6,93,86,0,0
383,53,33,5,94,85,0,0
384,53,32,4,93,85,0,0
385,53,31,5,93,85,0,0
386,53,30,5,93,86,0,0
387,53,31,4,94,85,0,0
388,53,32,4,93,84,0,0
389,53,31,3,92,84,0,0
390,53,30,3,92,84,0,0
391,53,30,3,92,84,0,0
392,53,30,3,92,84,0,0
393,53,30,3,92,84,0,0
394,53,30,4,92,84,0,0
395,53,31,5,92,84,0,0
396,53,31,4,93,83,0,0
397,53,31,4,93,82,0,0
398,53,31,4,92,82,0,0
399,53,31,4,92,81,0,0
400,53,31,4,91,81,0,0
401,53,31,4,92,81,0,0
402,53,31,4,92,80,0,0
403,53,31,4,93,81,0,0
404,53,32,5,93,80,0,0
405,53,32,4,92,79,0,0
406,53,31,4,91,79,0,0
407,53,31,4,92,78,0,0
408,53,32,4,93,79,0,0
409,53,32,5,92,78,0,0
410,53,32,6,91,79,0,0
411,53,31,5,92,79,0,0
412,53,32,4,92,78,0,0
413,53,31,4,92,79,0,0
414,53,32,4,92,78,0,0
415,53,32,5,93,79,0,0
416,53,31,4,94,78,0,0
417,53,32,5,93,77,0,0
418,53,31,4,93,78,0,0
419,52,30,4,93,77,0,0
420,52,31,4,94,78,0,0
421,52,32,3,95,78,0,0
422,52,33,4,96,78,0,0
423,52,32,5,95,79,0,0
424,52,33,6,95,79,0,0
425,52,34,5,95,80,0,0
426,52,35,4,94,80,0,0
427,52,36,4,93,80,0,0
428,52,35,3,94,81,0,0
429,52,36,3,95,80,0,0
430,52,36,3,96,79,0,0
431,52,37,3,96,78,0,0
432,52,37,3,97,79,0,0
433,52,36,3,96,80,0,0
434,52,35,4,97,80,0,0
435,52,34,5,98,79,0,0
436,52,34,4,98,79,0,0
437,52,33,3,98,79,0,0
438,52,34,3,98,79,0,0
439,52,33,3,98,79,0,0
440,52,33,4,98,79,0,0
441,52,34,4,98,79,0,0
442,52,34,3,98,79,0,0
443,52,35,3,99,80,0,0
444,52,35,3,99,81,0,0
445,52,35,3,100,82,0,0
446,52,35,3,99,81,0,0
447,52,35,3,98,82,0,0
448,52,35,3,99,83,0,0
449,52,35,3,100,84,0,0
450,52,35,3,99,83,0,0
451,52,35,3,99,83,0,0
452,52,36,3,100,83,0,0
453,52,35,4,101,82,0,0
454,52,34,4,101,82,0,0
455,52,34,5,100,81,0,0
456,52,34,4,101,80,0,0
457,52,35,5,100,81,0,0
458,52,35,5,100,82,0,0
459,52,35,5,101,82,0,0
460,52,34,6,101,82,0,0
461,52,34,7,100,82,0,0
462,52,35,8,101,82,0,0
463,52,36,7,101,81,0,0
464,52,37,8,101,82,0,0
465,52,37,8,102,81,0,0
466,52,38,7,103,80,0,0
467,52,38,6,104,80,0,0
468,52,38,6,103,81,0,0
469,52,39,7,104,81,0,0
470,52,39,6,104,82,0,0
471,52,38,7,104,81,0,0
472,52,39,7,103,82,0,0
473,52,40,6,103,81,0,0
474,52,39,5,103,80,0,0
475,52,40,4,104,81,0,0
476,52,41,5,105,82,0,0
477,52,41,4,106,82,0,0
478,52,40,3,107,81,0,0
479,51,39,3,106,82,0,0
480,51,38,3,106,82,0,0
481,51,38,3,105,81,0,0
482,51,38,4,106,80,0,0
483,51,37,4,106,81,0,0
484,51,36,5,106,81,0,0
485,51,36,5,106,81,0,0
486,51,36,4,106,81,0,0
487,51,36,3,106,81,0,0
488,51,35,3,106,81,0,0
489,51,34,3,106,81,0,0
490,51,33,3,106,82,0,0
491,51,33,3,107,83,0,0
492,51,32,3,106,84,0,0
493,51,31,3,105,83,0,0
494,51,32,3,106,84,0,0
495,51,32,3,105,85,0,0
496,51,32,3,104,86,0,0
497,51,32,3,105,86,0,0
498,51,32,3,104,85,0,0
499,51,32,3,105,84,0,0
